中考词汇表,中考词汇表,1
,,
afternoon,afternoon,n.下午
am,am,v.是（动词be的第一人称单数现在式）
are,are,v.是（动词be的复数和第二人称单数现在式）
bye,bye,int.再见
can,can,v.aux.能，能够
class,class,n.同学；班级
fine,fine,adj.很好的，不错的
friend,friend,n.朋友
go,go,v.走；去
good,good,adj.好的
goodbye,goodbye,int.再见
hello,hello,int.你好，喂
her,her,pron.她的
his,his,pron.他的
how,how,adv.怎样，如何
I,I,pron.我
is,is,v.是（动词be的第三人称单数现在式）
it,it,pron.它
meet,meet,v.遇见，结识
Miss,Miss,n.小姐（对未婚女性的称呼）；老师
morning,morning,n.早晨，上午
Mr,Mr,n.先生
Mrs,Mrs,n.夫人，太太
my,my,pron.我的
name,name,n.名字
nice,nice,adj.美好的，令人愉快的
now,now,adv.现在，目前
please,please,int.请
see,see,v.看见
she,she,pron.她
sorry,sorry,adj.对不起的，抱歉的
spell,spell,v.拼写
teacher,teacher,n.老师
thank,thank,v.谢谢
thanks,thanks,int.谢谢
this,this,pron.这，这个（指较近的人或事物）
time,time,n.时间
to,to,(与原形动词一起构成动词不定式)
tomorrow,tomorrow,n.明天
too,too,adv.也，还
what,what,pron.什么
yes,yes,adv.是，是的
you,you,pron.你，你们
your,your,pron.你的，你们的
bag,bag,n.包，书包
book,book,n.书
boy,boy,n.男孩
chair,chair,n.椅子
close,close,v.合上；关闭
desk,desk,n.桌子
down,down,adv.向下地
down,down,prep.向下
draw,draw,v.绘画，画
eight,eight,num.八
eighteen,eighteen,num.十八
eleven,eleven,num.十一
fifteen,fifteen,num.十五
five,five,num.五
four,four,num.四
fourteen,fourteen,num.十四
girl,girl,n.女孩
hand,hand,n.手
here,here,adv.这里，在这里
in,in,prep.在……里面
listen,listen,v.听，倾听
new,new,adj.新的
nine,nine,num.九
nineteen,nineteen,num.十九
number,number,n.号码
old,old,adj.……年龄的，……岁的
one,one,num.一
open,open,v.（打）开
put,put,v.放；置
seven,seven,num.七
seventeen,seventeen,num.十七
sit,sit,v.坐
six,six,num.六
sixteen,sixteen,num.十六
stand,stand,v.站立
student,student,n.学生
telephone,telephone,n.电话
ten,ten,num.十
thirteen,thirteen,num.十三
three,three,num.三
twelve,twelve,num.十二
twenty,twenty,num.二十
two,two,num.二
up,up,adv.向上地
up,up,prep.朝上；向上
a,a,art.一（个，件……）
again,again,adv.再（次），又（一次）
and,and,conj.和，与
bird,bird,n.鸟
black,black,adj.黑色的
blackboard,blackboard,n.黑板
blue,blue,adj.蓝色的
brown,brown,adj.棕色的
cat,cat,n.猫
classroom,classroom,n.教室
colour (Am E color),colour (Am E color),n.颜色
course,course,adv.当然
do,do,v.aux.（用于构成疑问句和否定句）
dog,dog,n.狗
English,English,n.英语
English,English,adj.来自英格兰的
flower,flower,n.花
green,green,adj.绿色的
help,help,v.帮助
in,in,prep.使用（某种语言）
know,know,v.知道，懂得
me,me,pron.（宾格）我
no,no,adv.不，不是；没有（用于表示否定的回答）
of,of,prep.……的
OK,OK,int.行，好（用于表示同意、赞成或理解）
on,on,prep.在……上
orange,orange,adj.橘黄色的
orange,orange,n.柑橘；橙
pen,pen,n.笔，钢笔
pencil,pencil,n.铅笔
red,red,adj.红色的
say,say,v.说；讲
that,that,pron.那，那个（指较远的人或事物）
the,the,art.（指已经谈到或正在谈到的事物）
welcome,welcome,adj.受欢迎的
welcome,welcome,int.欢迎（迎接某人到某地的时的用语）
white,white,adj.白色的
write,write,v.写
yellow,yellow,adj.黄色的
after,after,prep.在……后
autumn,autumn,n.秋天
basketball,basketball,n.篮球
birthday,birthday,n.生日
cold,cold,adj.冷的
cool,cool,adj.凉快的
day,day,n.一天
favourite (Am E favorite),favourite (Am E favorite),adj.最喜爱的
football,football,n.足球
Friday,Friday,n.星期五
hot,hot,adj.热的
idea,idea,n.想法，主意
let,let,v.让，使
like,like,prep.如同，像
London,London,伦敦
Monday,Monday,n.星期一
play,play,v.参加（体育运动或球赛），玩耍
Saturday,Saturday,n.星期六
school,school,n.学校
sport,sport,n.运动
spring,spring,n.春天
summer,summer,n.夏天
Sunday,Sunday,n.星期天
swimming,swimming,n.游泳
table tennis,table tennis,乒乓球
Thursday,Thursday,n.星期四
today,today,n.今天
Tuesday,Tuesday,n.星期二
us,us,pron.(宾格)我们
warm,warm,adj.暖和的，温暖的
weather,weather,n.天气
Wednesday,Wednesday,n.星期三
winter,winter,n.冬天
about,about,adv.大约，大致
about,about,prep.关于
actor,actor,n.（男）演员
afraid,afraid,adj.担心的；害怕的
Africa,Africa,非洲
African,African,adj.非洲的
African,African,n.非洲人
all,all,pron.每个，全体
alone,alone,adv.独自地
also,also,adv.也；而且
always,always,adv.总是；一直
America,America,美国；美洲
American,American,adj.美国的；美国人的；美洲的
American,American,n.美国人；美洲人
an,an,art.一（个，件……）
animal,animal,n.动物
any,any,adj.任何一个；一些
any,any,pron.任何一个；一些
anyway,anyway,adv.尽管如此；无论如何
apple,apple,n.苹果
art,art,n.美术；艺术
as,as,prep.像……一样
Asia,Asia,亚洲
at,at,prep.在……；在……里
aunt,aunt,n.姨母；伯母；婶母；舅母；姑母
Australia,Australia,澳大利亚
away,away,adv.在安全的地方；在通常存放的地方
back,back,adv.向后；回到；返回
bad,bad,adj.坏的；不好的
bamboo,bamboo,n.竹子
banana,banana,n.香蕉
bean,bean,n.豆
bear,bear,n.熊
beautiful,beautiful,adj.漂亮的，美丽的
because,because,conj.因为
bed,bed,n.床
beef,beef,n.牛肉
before,before,prep.在……之前
begin,begin,v.开始
behind,behind,prep.在……后面
between,between,prep.在……之间
big,big,adj.大的
bit,bit,n.一点儿；少许
box,box,n.（计算机屏幕上的）框；盒子
bread,bread,n.面包
break,break,n.（课间）休息
breakfast,breakfast,n.早饭
brother,brother,n.兄弟
building,building,n.建筑物
bus,bus,n.公共汽车
busy,busy,adj.忙的；繁忙的
but,but,conj.但是，然而
buy,buy,v.买
cake,cake,n.蛋糕
call,call,v.（给……）打电话
call,call,v.把……叫做；称呼……为
candy,candy,n.糖果
can't=cannot,can't=cannot,不能
capital,capital,n.首都；省会
card,card,n.卡片
carrot,carrot,n.胡萝卜
catch,catch,v.抓住；接住
CD,CD,n.激光唱片；光盘
celebrate,celebrate,v.庆祝
check,check,v.检查；查看
cheese,cheese,n.奶
chicken,chicken,n.鸡肉
child (pl. children),child (pl. children),n.（14岁以下的）小孩，儿童
China,China,中国
Chinese,Chinese,adj.中国的，中国人的
Chinese,Chinese,n.中国人；汉语
chocolate,chocolate,n.巧克力
choose,choose,v.选择；挑选
Christmas,Christmas,n.圣诞节
cinema,cinema,n.电影院
city,city,n.城市
clean,clean,v.打扫
clean,clean,adj.清洁的；干净的
click,click,v.点击
clothes,clothes,n.衣服（总称）
coat,coat,n.外套
coffee,coffee,n.咖啡
cola,cola,n.可乐
come,come,v.来
company,company,n.公司；剧团
computer,computer,n.计算机；电脑
concert,concert,n.音乐会
connect,connect,v.连接
cook,cook,v.烹调；煮；烧
country,country,n.国家
cousin,cousin,n.堂兄弟；表兄弟；堂姐妹；表姐妹
customer,customer,n.顾客
cut,cut,v.切；剪
cute,cute,adj.可爱的
dad,dad,n.爸爸
dance,dance,n.舞蹈
dance,dance,v.跳舞
dangerous,dangerous,adj.危险的
daughter,daughter,n.女儿
dear,dear,adj.（用于信开头某人的名字前）亲爱的
delicious,delicious,adj.美味的
different,different,adj.不同的
difficult,difficult,adj.困难的，难懂的
dinner,dinner,n.晚饭；正餐
do,do,v.做；干
doctor,doctor,n.医生
document,document,n.文件
dragon,dragon,n.龙
dress,dress,n.连衣裙；礼服
drink,drink,n.饮料
drink,drink,v.喝
drive,drive,v.驾驶；驾车
driver,driver,n.司机，驾驶员
dumpling,dumpling,n.饺子；团子
eat,eat,v.吃
egg,egg,n.蛋；鸡蛋
eighty,eighty,num.八十
elephant,elephant,n.大象
email,email,n.电子邮件
England,England,英格兰
enjoy,enjoy,v.享受……的乐趣；喜爱
Europe,Europe,欧洲
even,even,adv.甚至
evening,evening,n.晚上
every,every,adj.每个，每一
everyone,everyone,pron.大家；每人
exercise,exercise,n.锻炼；练习
expensive,expensive,adj.昂贵的
eye,eye,n.眼睛
face,face,n.脸
family,family,n.家，家庭
farm,farm,n.农场
farmer,farmer,n.农民
fat,fat,adj.肥胖的
father,father,n.父亲，爸爸
February,February,n.二月
festival,festival,n.节日
few,few,adj.一些；几个；很少（的）
fifty,fifty,num.五十
film,film,n.电影
finally,finally,adv.最后
first,first,adj.第一（位）的，首要的
first,first,adv.先；首先
fish,fish,n.鱼肉，鱼
floor,floor,n.地板
food,food,n.食物，食品
for,for,prep.为，为了
forty,forty,num.四十
from,from,prep.从……来，来自
front,front,n.前面；正面
fruit,fruit,n.水果
funny,funny,adj.有趣的
furniture,furniture,n.家具（总称）
game,game,n.游戏
gate,gate,n.大门
geography,geography,n.地理
get,get,v.得到
giraffe,giraffe,n.长颈鹿
give,give,v.给，送
grade,grade,n.年级
grandfather,grandfather,n.（外）祖父
grandma,grandma,n.（外）祖母
grandmother,grandmother,n.（外）祖母
grandpa,grandpa,n.（外）祖父
grandparent,grandparent,n.（外）祖父；（外）祖母
grass,grass,n.草
great,great,adj.太好了；巨大的；超乎寻常的
guide,guide,n.导游
ha ha,ha ha,哈哈（表笑声）
half,half,n.一半
hall,hall,n.大厅；会堂
hamburger,hamburger,n.汉堡包
happen,happen,v.发生
happy,happy,adj.高兴的；幸福的
hard,hard,adv.努力地
hard,hard,adj.艰难的；困难的
has,has,（have的第三人称单数现在式）
have,have,v.aux.（助动词）
have,have,v.有；吃；喝
he,he,pron.他
healthy,healthy,adj.健康的
hear,hear,v.听见
hi,hi,int.嘿，喂
him,him,pron.(宾格)他
history,history,n.历史
holiday,holiday,n.假日；节日
home,home,n.家；家庭
homework,homework,n.家庭作业
hospital,hospital,n.医院
hotel,hotel,n.饭店；宾馆
house,house,n.房子；住宅
hurry,hurry,v.赶快；匆忙
husband,husband,n.丈夫
important,important,adj.重要的
information,information,n.信息
interesting,interesting,adj.有趣的
Internet,Internet,n.因特网
IT,IT,n.信息技术
its,its,pron.它的
January,January,n.一月
job,job,n.工作
join,join,v.参加；加入
juice,juice,n.果汁
keyboard,keyboard,n.键盘
kilo(=kilogram),kilo(=kilogram),n.千克；公斤
kind,kind,n.种类
kitchen,kitchen,n.厨房
lab=laboratory,lab=laboratory,n.实验室
lantern,lantern,n.灯笼
large,large,adj.大的，巨大的
last,last,adj.最后的，最末的
last,last,adv.最后，最末
leaf (pl. leaves),leaf (pl. leaves),n.叶子
learn,learn,v.学；学习
leave,leave,v.离开
left,left,n.左边，左侧
left,left,adj.左边的，左侧的
lesson,lesson,n.（一节）课
library,library,n.图书馆
lie,lie,v.躺；平躺
like,like,v.喜欢；喜爱
line,line,n.行，排，列
lion,lion,n.狮子
little,little,adj.极少量的
live,live,v.生活；住
look,look,v.看，瞧
lot,lot,n.大量；许多
love,love,v.爱；热爱
love,love,n.喜爱；关爱
luck,luck,n.运气
lucky,lucky,adj.幸运的
lunch,lunch,n.午饭
magazine,magazine,n.杂志
make,make,v.做，制作
man (pl. men),man (pl. men),n.男人
manager,manager,n.经理
many,many,adj.许多，很多
map,map,n.地图
match,match,n.（尤指体育方面的）比赛，竞赛
maths (Am E math),maths (Am E math),n.数学
meal,meal,n.一餐；一顿饭
mean,mean,v.意思是；意味着
meat,meat,n.肉
merry,merry,adj.愉快的，高兴的
middle,middle,n.中间；中央
milk,milk,n.牛奶
minute,minute,n.分钟
moment,moment,n.（某事发生的）时候，时刻
money,money,n.钱，金钱
monkey,monkey,n.猴子
most,most,adj.大部分（的）；大多数（的）
mother,mother,n.母亲，妈妈
mouse (pl. mice),mouse (pl. mice),n.鼠标；老鼠
movie,movie,n.电影
Ms,Ms,n.女士
much,much,adj.许多的，大量的
mum,mum,n.妈妈
music,music,n.音乐
near,near,prep.靠近；接近
never,never,adv.从不
next,next,adj.紧挨着，紧靠着
next,next,adv.紧接下来地，下一步
night,night,n.夜晚
ninety,ninety,num.九十
noodle,noodle,n.面条
not,not,adv.不，不是，没有
nurse,nurse,n.护士
o'clock,o'clock,adv.……点钟
off,off,prep.下（飞机，火车，公共汽车等）
office,office,n.办公室
often,often,adv.经常
oh,oh,int.唉，噢
only,only,adv.仅仅；只
or,or,conj.或者
other,other,adj.其他的
our,our,pron.我们的
over,over,prep.在……的上方
panda,panda,n.熊猫
paper,paper,n.纸
parent,parent,n.母亲；父亲
park,park,n.公园
party,party,n.晚会；聚会
past,past,prep.晚于，过（几点）
PE = (physical education),PE = (physical education),n.体育；体育课
people,people,n.人，人们
photo=photography,photo=photography,n.照片，相片
picture,picture,n.图片；照片
place,place,n.地点
plan,plan,n.计划
plan,plan,v.计划；打算
plant,plant,n.植物
playground,playground,n.操场
police,police,n.警察
policeman (pl. policemen),policeman (pl. policemen),n.男警察
postcard,postcard,n.明信片
potato,potato,n.马铃薯，土豆
present,present,n.礼物
print,print,v.打印
programme (Am E program),programme (Am E program),n.（电视）节目
quite,quite,adv.十分；相当
read,read,v.阅读；看懂
ready,ready,adj.有准备的；准备好的
really,really,adv.真正地；非常；很
remember,remember,v.记住；想起
restaurant,restaurant,n.饭店；餐馆
rice,rice,n.米；米饭
right,right,n.右边，右侧
right,right,adj.右边的，右侧的
right,right,adj.正确的，对的
room,room,n.房间；室；屋子
run,run,v.跑，奔跑
sale,sale,n.卖；出售
same,same,adj.相同的，同一的
save,save,v.保存；储存
scarf,scarf,n.围巾
science,science,n.科学；科学课
screen,screen,n.屏幕
search,search,v.搜寻；搜索；查找
secret,secret,n.秘密
send,send,v.发送
seventy,seventy,num.七十
shall,shall,v.aux.……好吗？，要不要……？
share,share,v.共用；分享
shoe,shoe,n.鞋，鞋子
shop,shop,n.商店
shop,shop,v.逛商店；购物
silk,silk,n.丝绸
sing,sing,v.唱，唱歌
sister,sister,n.姐；妹
sixty,sixty,num.六十
sleep,sleep,n.睡觉
sleep,sleep,v.睡觉
small,small,adj.小的
so,so,conj.因此；所以
some,some,pron.一些，某些
some,some,adj.若干，一些；少量的
sometimes,sometimes,adv.有时候；不时
son,son,n.儿子
song,song,n.歌曲
soup,soup,n.汤
speak,speak,v.说话，讲话
special,special,adj.特别的，特殊的
spend,spend,v.花（钱）；花费
star,star,n.明星；星；星状物
start,start,v.开始
station,station,n.站，车站
stay,stay,v.保持；停留
still,still,adv.仍然，依旧
story,story,n.故事
strong,strong,adj.强壮的；强大的；强烈的
study,study,v.学习；研究
subject,subject,n.科目
such,such,adj.这样的；如此的
sugar,sugar,n.糖
sun,sun,n.太阳
sure,sure,adv.的确，当然
sweater,sweater,n.厚运动衫；毛绒衣
sweep,sweep,v.打扫；清扫
sweet,sweet,adj.甜的
table,table,n.桌子
take,take,v.拿；取；花费（时间）
talk,talk,v.谈论，说话
tall,tall,adj.高的
tea,tea,n.茶
television=TV,television=TV,n.电视；电视机
tell,tell,v.讲；告诉
theatre (Am E theater),theatre (Am E theater),n.剧院
them,them,pron.（宾格）他们，她们，它们
then,then,adv.接着，然后
there,there,pron.(用于引导句子的主语)
there,there,adv.在那里，往那里
their,their,pron.他们的，她们的，它们的
these,these,pron.这些
they,they,pron.他们，她们，它们
thing,thing,n.事情；东西
think,think,v.想，认为
thirty,thirty,num.三十
those,those,pron.那些
ticket,ticket,n.票
tiger,tiger,n.老虎
tired,tired,adj.劳累的
to,to,prep.（距整点时间）差……
tomato,tomato,n.西红柿，番茄
tooth (pl. teeth),tooth (pl. teeth),n.牙齿
traditional,traditional,adj.传统的
train,train,n.火车
travel,travel,n.旅行
tree,tree,n.树（木）
trip,trip,n.旅行
T-shirt,T-shirt,n.T恤衫
turn,turn,v.转动
ugh,ugh,int.啊，哎呀
uncle,uncle,n.叔叔；伯伯；舅舅；姑父；姨夫
use,use,v.使用
usually,usually,adv.通常
vegetable,vegetable,n.蔬菜
very,very,adv.很，非常
visit,visit,v.探望；参观
wait,wait,v.等待，等候
walk,walk,v.行走；步行
wall,wall,n.墙
want,want,v.想要；需要
wash,wash,v.洗；洗涤
watch,watch,v.看，观看
water,water,n.水
we,we,pron.我们
wear,wear,v.穿；戴
week,week,n.星期
weekday,weekday,n.工作日
weekend,weekend,n.周末
well,well,adv.好地
when,when,adv.什么时候，何时
where,where,adv.在哪里，去哪里
which,which,pron.哪一个
who,who,pron.谁
with,with,prep.与……在一起；和；具有（品质、特征）
woman (pl. women),woman (pl. women),n.成年女子；妇女
work,work,n.学习；工作
work,work,v.学习；工作
worker,worker,n.工人
world,world,n.世界
would,would,v.aux.肯，会；愿意
year,year,n.年龄；年
zebra,zebra,n.斑马
zoo,zoo,n.动物园
able,able,adj.能够……的
above,above,prep.在……上方；在……之上
across,across,prep.越过
advantage,advantage,n.有利条件；优势
ago,ago,adv.以前
air,air,n.天空；空中；空气
airport,airport,n.机场；航空港
all,all,adj.所有的；全部的
almost,almost,adv.几乎；差不多
along,along,prep.沿着
another,another,pron.又一个；再一个
answer,answer,v.应门；回答
anyone,anyone,pron.任何人
anything,anything,pron.任何东西；任何事请
anywhere,anywhere,adv.在任何地方；往任何地方
April,April,n.4月
arm,arm,n.臂；手臂
around,around,prep.环绕着；围绕
arrive,arrive,v.到达
ask,ask,v.询问；问
asleep,asleep,adj.睡着的
at,at,prep.在……点钟
August,August,n.8月
Australian,Australian,adj.澳大利亚的
ball,ball,n.球；球类游戏
bank,bank,n.银行
basket,basket,n.篮子
bathroom,bathroom,n.浴室
beach,beach,n.海滨；海滩
beautiful,beautiful,adj.美的；美丽的
become (became),become (became),v.成为
bedroom,bedroom,n.卧室
believe,believe,v.相信
best,best,adj.最好的
bike (=bicycle),bike (=bicycle),n.自行车
biscuit,biscuit,n.饼干
board,board,n.布告板
boat,boat,n.船
body,body,n.身体；驱干
bookshop,bookshop,n.书店
bored,bored,adj.厌烦的；厌倦的
born,born,adj.（动词bear的过去分词）出生
both,both,pron.两者；两个
bow,bow,v.鞠躬；弯腰
bowl,bowl,n.碗
bridge,bridge,n.桥
bring,bring,v.带来
Britain,Britain,不列颠；英国
British,British,adj.英国的；英国人的
bulid (built),bulid (built),v.建造
by,by,prep.由……创作的；被；由
by,by,prep.用；靠；乘（交通工具）
camera,camera,n.照相机
camp,camp,n.营地；帐篷
car,car,n.汽车；轿车
careful,careful,adj.仔细的；小心的；认真的
carry,carry,v.拿；带
centre (Am E    center),centre (Am E    center),n.中心
century,century,n.世纪
certainly,certainly,adv.当然；行
chalk,chalk,n.粉笔
change,change,v.改变；变化
change,change,n.改变；变化
cheap,cheap,adj.便宜的
cheer,cheer,v.为……喝彩
church,church,n.教堂
classical,classical,adj.经典的；古典的
clear,clear,adj.（天气）晴朗的
club,club,n.俱乐部
coast,coast,n.海岸
collect,collect,v.收集
comfortable,comfortable,adj.舒适的；舒服的
compare,compare,v.比较
composer,composer,n.作曲家
could,could,v.aux.可以；能
country,country,n.乡下；乡村
crayon,crayon,n.蜡笔
cross,cross,v.穿过
cry,cry,v.哭；喊叫
dark,dark,adj.黑暗的
date,date,n.日期
December,December,n.12月
decide,decide,v.决定
die,die,v.死；去世
difficult,difficult,adj.难对付的
door,door,n.门
down,down,prep.沿着
drum,drum,n.鼓
duck,duck,n.鸭
during,during,prep.在……期间
each,each,pron.各个；每个
early,early,adj.早的
early,early,adv.早；提前
east,east,adj.东面的；东部的
east,east,n.东方
easy,easy,adj.容易的
either,either,adv.也（不）
elder,elder,adj.年长的
else,else,adv.其他；另外
enter,enter,v.进入
eraser,eraser,n.橡皮擦
European,European,adj.欧洲的
everybody,everybody,pron.每个人
everything,everything,pron.每样事物；每件事；所有事物
everywhere,everywhere,adv.到处；处处
exact,exact,adj.准确的；确切的
excited,excited,adj.激动的；兴奋的
excuse,excuse,v.原谅；谅解
fact,fact,n.事实；细节
famous,famous,adj.著名的
fan,fan,n.迷；支持者
fantastic,fantastic,adj.极好的
fast,fast,adv.快地；快速地
fast,fast,adj.快的；快速的
feel (felt),feel (felt),v.感觉；觉得
find (found),find (found),v.发现；找到
finger,finger,n.手指
finish,finish,v.吃完；喝完；用尽
finish,finish,v.结束；完成
fire,fire,n.火；火灾
fit,fit,adj.健康的；强健的
fly (flew),fly (flew),v.放飞（风筝）；飞行；乘飞机
foot,foot,n.脚；足
foreign,foreign,adj.外国的
forest,forest,n.森林
forward,forward,adv.面向未来的；向前
free,free,adj.（时间）空闲的；空余的
French,French,adj.法国的；法语的
French,French,n.法国人；法语
fresh,fresh,adj.新鲜的
friendly,friendly,adj.友好的
from,from,prep.从……出发
fun,fun,n.娱乐；乐趣
future,future,n.将来；未来
game,game,n.运动项目
garden,garden,n.花园
German,German,n.德国人；德语
German,German,adj.德国的；德国人的；德语的
glove,glove,n.手套
gold,gold,n.金色；黄金；金牌
good,good,adj.乖的；守规矩的
guess,guess,v.猜；猜测
guidebook,guidebook,n.导游手册；旅行指南
hair,hair,n.头发
head,head,n.头；头部
heavy,heavy,adj.繁重的；沉的
hers,hers,pron.她的
hey,hey,int.嘿；喂
high,high,adj.高的
hmm,hmm,int.嗯
hold (held),hold (held),v.握着；使不动
hope,hope,v.希望
horse,horse,n.马
hour,hour,n.小时
housework,housework,n.家务劳动
hug,hug,v.拥抱；紧抱
hundred,hundred,num.百
hungry,hungry,adj.感到饿的；饥饿的
India,India,印度
into,into,prep.进入……里面
jam,jam,n.堵塞；拥挤
Japanese,Japanese,n.日本人；日语
Japanese,Japanese,adj.日本的；日语的；日本人的
July,July,n.7月
jump,jump,v.跳
June,June,n.6月
just,just,adv.就；正好
kiss,kiss,v.吻；亲吻
kiss,kiss,n.吻；亲吻
kite,kite,n.风筝
knee,knee,n.膝盖
knock,knock,v.敲
lake,lake,n.湖
land,land,n.陆地
language,language,n.语言
last,last,adj.（星期、月份等）最近过去的，紧接现在前面的
late,late,adv.迟；晚
late,late,adj.迟的；晚的
later,later,adv.后来；以后
leave (left),leave (left),v.丢下；遗忘
leg,leg,n.腿
lemon,lemon,n.柠檬
level,level,n.水平
life,life,n.生活；生命
light,light,adj.轻的；轻松的；少量的
light,light,n.电灯
litter,litter,n.垃圾
little,little,adj.小的
lively,lively,adj.活泼的；轻快的
long,long,adj.长的；长时间的
look,look,v.看起来；显得
lose (lost),lose (lost),v.失去
lost,lost,adj.迷路的
machine,machine,n.机器
Maori,Maori,adj.毛利人的
March,March,n.3月
market,market,n.市场
marry,marry,v.结婚
May,May,n.5月
may (might),may (might),v.aux.可以；可能
maybe,maybe,adv.也许
metre (Am E meter),metre (Am E meter),n.米
middle,middle,adj.中等的；中部的
middle,middle,n.中部；中间
mine,mine,pron.我的
modern,modern,adj.现代的
monitor,monitor,n.班长；监督员
more,more,adv.更加；更
more,more,adj.更多的
mouth,mouth,n.嘴；口
move,move,v.移动
museum,museum,n.博物馆
musician,musician,n.乐手；音乐家
myself,myself,pron.我自己
need,need,v.&v.aux.需要
newspaper,newspaper,n.报纸
nice,nice,adj.友好的；亲切的
nobody,nobody,pron.没有人
nod,nod,v.点（头）
noisy,noisy,adj.吵闹的
nose,nose,n.鼻子
nothing,nothing,pron.没有什么；没有东西
notice,notice,v.注意到
November,November,n.11月
October,October,n.10月
on,on,adv.从某时刻起
on,on,adv.在使用中；开着的
on,on,prep.在……河边
on,on,prep.在……时候
once,once,adv.一次；一回
one,one,pron.（同一群人或物中）一个
online,online,adj.在线的
open,open,adj.营业的；开放的
opera,opera,n.歌剧
opposite,opposite,prep.在……的对面
out,out,adv.外出；离开
over,over,prep.通过；超过
Pacific,Pacific,adj.太平洋的
painting,painting,n.油画；绘画
palace,palace,n.宫殿
part,part,n.部分；地区；地方
past,past,prep.路过（某物或某地）；越过
pay,pay,v.支付；付钱
perfect,perfect,adj.完美的
personal,personal,adj.个人的
phone,phone,n.电话；电话机
piano,piano,n.钢琴
pick,pick,v.采；摘
picnic,picnic,n.野餐
piece,piece,n.部件；碎片；一件/个/张
piece,piece,n.（写作、音乐或艺术的）作品
pig,pig,n.猪
plane,plane,n.飞机
play,play,v.演奏；弹奏
play,play,n.剧本；戏剧
player,player,n.运动员；选手
poem,poem,n.诗歌
point,point,v.指向；指
polite,polite,adj.礼貌的
poor,poor,adj.贫穷的
pop (= popular),pop (= popular),adj.流行的；受欢迎的
post,post,n.邮寄
post,post,v.邮寄
president,president,n.总统
price,price,n.价格
primary,primary,adj.初等的；初级的
product,product,n.产品
promise,promise,v.承诺；保证
purple,purple,adj.紫色的；紫红色的
purple,purple,n.紫色；紫红色
push,push,v.推
question,question,n.问题
railway,railway,n.铁路
rain,rain,n.雨；雨水
rain,rain,v.下雨
ready,ready,adj.乐意的
real,real,adj.真实的；真正的
receive,receive,v.收到；接到
relax,relax,v.放松
return,return,v.返回；归还
rich,rich,adj.富有的
ride (rode),ride (rode),v.骑；乘
right,right,adj.合适的；恰当的
right,right,int.好了(用于变换话题或活动)；是的；好
rise (rose),rise (rose),v.上升；升起
river,river,n.河；江
robot,robot,n.机器人
rock,rock,n.摇滚乐
rude,rude,adj.粗鲁的；无礼的
ruler,ruler,n.直尺
Russia,Russia,俄罗斯
Russian,Russian,n.俄罗斯人；俄语
Russian,Russian,adj.俄罗斯的；俄罗斯人的；俄语的
sad,sad,adj.令人悲伤的；令人难过的
safe,safe,adj.安全的
sale,sale,n.降价出售
sausage,sausage,n.香肠；腊肠
score,score,n.得分；成绩
sea,sea,n.海；海洋
second,second,num.第二
sell (sold),sell (sold),v.卖；出售
September,September,n.9月
several,several,adj.几个；一些
shake (shook),shake (shook),v.摇晃
ship,ship,n.船
shirt,shirt,n.球衣；（男式）衬衫
shopping,shopping,n.购物
short,short,adj.短的；短暂的；矮的
shout,shout,v.高声说；大声喊
sightseeing,sightseeing,n.观光；游览
silly,silly,adj.愚蠢的；傻气的
size,size,n.尺码；号
slow,slow,adj.慢的
smile,smile,v.微笑
smile,smile,n.微笑
so,so,adv.那么（尤指用于引出新话题）；这么；那么（用于强调质量、感觉或数量）
something,something,pron.某事物；某种东西
somewhere,somewhere,adv.某处；某个地方
soon,soon,adv.立刻；不久
sound,sound,n.声音
space,space,n.太空；空间
square,square,n.广场
start,start,n.开始；开端
stop,stop,n.车站
store,store,n.商店
strange,strange,adj.奇怪的
strawberry,strawberry,n.草莓
street,street,n.街道
strict,strict,adj.严格的；严厉的
successful,successful,adj.成功的
supermarket,supermarket,n.超市
sure,sure,adj.确信的；有把握的
swim (swam),swim (swam),v.游泳
take (took),take (took),v.搭乘；乘坐；固定使用；把（某人）带往；使（某人）到
take,take,v.穿（某尺寸的衣服或鞋子）
tape,tape,n.录音带；录像带
taxi,taxi,n.出租车
teach (taught),teach (taught),v.教；讲授
team,team,n.队伍；球队
tennis,tennis,n.网球
term,term,n.学期
then,then,adv.那么；就
third,third,num.第三
thousand,thousand,num.千
through,through,prep.穿过
tidy,tidy,v.收拾；整理
tidy,tidy,adj.整齐的；整洁的；爱整齐的；爱整洁的
till,till,conj.直到……为止
together,together,adv.一起；共同
top,top,n.顶端
touch,touch,v.触摸；接触
tour,tour,n.（短期的）参观；游览；旅行
tourist,tourist,n.游客
towards,towards,prep.往；向；朝……方向
town,town,n.城镇；市镇
traffic,traffic,n.交通
TRUE,TRUE,adj.真的；真实的
try,try,v.尝试；试穿；品尝
turn,turn,v.换方向
underground,underground,n.地铁
up,up,prep.沿着……而去
upon,upon,prep.在……上；到……上
US,US,美国
village,village,n.村庄
violin,violin,n.小提琴
visitor,visitor,n.游客；观光者
voice,voice,n.声音
walk,walk,n.步行；走
wallet,wallet,n.钱包
waltz,waltz,n.华尔兹舞（曲）
watch,watch,n.表；（通常指）手表
wave,wave,v.挥（手）；招（手）；摆（手）
way,way,n.方式；道路
well,well,int.噢；喔
Western,Western,adj.西方的
what,what,int.什么（表示惊奇）
whose,whose,pron.谁的
why,why,adv.为什么
will (would),will (would),v.aux.将；将要；将会
win (won),win (won),v.赢；获胜
wind,wind,n.风
without,without,prep.无；没有
wonderful,wonderful,adj.绝妙的；了不起的
work,work,n.作品；著作
working,working,adj.（有关）工作的
world-famous,world-famous,adj.举世闻名的
worry,worry,v.焦虑；担心
wow,wow,int.哇；噢
writer,writer,n.作家
yesterday,yesterday,adv.（在）昨天
young,young,adj.年轻的
yours,yours,pron.你（们）的
accept,accept,v.收受；接受
accident,accident,n.交通事故；意外事件
act,act,n.（戏剧、歌剧或芭蕾舞的）一幕
actress,actress,n.女演员
advice,advice,n.意见；建议
advise,advise,v.向……提出建议；忠告；建议
after-school,after-school,adj.下午放学后的；课外的
against,against,prep.（在比赛或战斗中）对（某人或某事物）
agree,agree,v.赞同
aid,aid,n.救助；帮助
allow,allow,v.允许；准许
aloud,aloud,adv.大声地；出声地
already,already,adv.已经；早已
although,although,conj.然而；尽管
appear,appear,v.出现；显露
area,area,n.地区；区域
attention,attention,n.注意力
baby,baby,n.婴儿；婴孩
baseball,baseball,n.棒球
basic,basic,adj.主要的；基础的
beat (beat),beat (beat),v.打败；战胜
better,better,adj.更好的
better,better,adv.更好地
billion,billion,num.十亿
birth,birth,n.出生
bite (bit),bite (bit),v.咬；叮
book,book,v.预订
boring,boring,adj.烦人的；无聊的
bottom,bottom,n.底部；下端
brave,brave,adj.勇敢的；无畏的
broken,broken,adj.破碎的
calm,calm,adj.镇静的；沉着的
cap,cap,n.(有檐的)帽子
careless,careless,adj.粗心的；疏忽的
cause,cause,v.造成；引起
chance,chance,n.可能性；机会
chess,chess,n.国际象棋
chip,chip,n.炸土豆条；炸薯条
choice,choice,n.选择
chopstick,chopstick,n.筷子
classmate,classmate,n.同班同学
clear [+of],clear [+of],adj.不和……接触的；不挨……太近的
clear,clear,v.清除；清理；移走
climb,climb,v.爬；攀爬
close,close,adj.（距离上）近的；接近的
close,close,adv.（距离上）接近地
cloud,cloud,n.云；云雾
cloudy,cloudy,adj.多云的
coach,coach,n.教练
college,college,n.大学；学院
common,common,adj.普通的；一般的
complete,complete,v.把……填完整；使完全
confident,confident,adj.自信的
conversation,conversation,n.谈话；交谈
corner,corner,n.拐角；街角
correct,correct,v.改正；纠正
correct,correct,adj.正确的；对的
cost,cost,n.价钱；成本；代价
cost (cost),cost (cost),v.价钱为；花费
countryside,countryside,n.农村地区；乡下
cover,cover,v.盖；盖上
crowded,crowded,adj.拥挤的；人数过多的
danger,danger,n.危险；危害
deep,deep,adj.（从顶部向下）深的
degree,degree,n.度；度数
describe,describe,v.描写；描述
develop,develop,v.研制；制定
dictionary,dictionary,n.词典；字典
difference,difference,n.差别；差异
drop,drop,v.使落下；投下
dry,dry,adj.干的；干燥的
earthquake,earthquake,n.地震
end,end,n.（时间的）最后一段，末尾
end,end,v.结束
enjoyable,enjoyable,adj.令人愉快的；有乐趣的
enough,enough,adj.足够的；充分的
especially,especially,adv.尤其
example,example,n.例子；实例
excellent,excellent,adj.优秀的；极好的
except,except,prep.除……之外
exciting,exciting,adj.令人激动的；使人兴奋的
experience,experience,n.经历；经验
fall (fell),fall (fell),v.下落；跌落
far,far,adj.远的；遥远的
far,far,adv.远；遥远
feed (fed),feed (fed),v.喂养；饲养
field,field,n.牧场；田地
fifth,fifth,num.第五；五分之一
flat,flat,n.套房；公寓
follow,follow,v.跟随；紧跟
forget (forgot),forget (forgot),v.忘；忘记
fridge,fridge,n.冰箱
gentleman,gentleman,n.先生；男士
get,get,v.变成；成为
gift,gift,n.礼物
glad,glad,adj.高兴的；欢喜的
glass,glass,n.玻璃
government,government,n.政府
grammar,grammar,n.语法
ground,ground,n.地面
grow (grew),grow (grew),v.增长；增大
grow (grew),grow (grew),v.(逐渐）变得；生长
harmful,harmful,adj.有害的
helpful,helpful,adj.有用的；提供帮助的
hide (hid),hide (hid),v.躲；躲藏
hill,hill,n.小山；小丘
hit (hit),hit (hit),v.（使）碰撞
hole,hole,n.洞；孔；穴
however,however,adv.然而；但是
huge,huge,adj.巨大的；庞大的
hurt (hurt),hurt (hurt),v.（使）疼痛；（使）受伤
ice,ice,n.冰
if,if,conj.如果；若
imagine,imagine,v.想象，设想
immediately,immediately,adv.立刻；当即
improve,improve,v.改进；改善
increase,increase,n.增大；增长
increase,increase,v.增大；增长
inside,inside,n.内部；里面
inside,inside,prep.在……里面
inside,inside,adj.里面的；内部的
inside,inside,adv.在里面；向室内
interested,interested,adj.关心的；感兴趣的
island,island,n.岛；岛屿
joke,joke,v.说笑话；开玩笑
joke,joke,n.笑话；玩笑
journey,journey,n.旅行；旅程
keep (kept),keep (kept),v.保持；留住
key,key,adj.关键性的，非常重要的
land,land,v.降落（或跳落、跌落）到地面（或水面上）
letter,letter,n.字母
lift,lift,v.举起；抬起；提起
lift,lift,n.电梯
local,local,adj.当地的；本地的
loudly,loudly,adv.响亮地；大声地
low,low,adj.低的；矮的
magic,magic,adj.魔术的；戏法的
main,main,adj.主要的；最大的
match,match,v.找到与……相配之物，使相配；使成对
matter,matter,n.问题；麻烦
meaning,meaning,n.意义；意思
medical,medical,adj.医学的；医疗的
medicine,medicine,n.药；药物
might,might,v.aux.可能；也许
mile,mile,n.英里
million,million,num.百万
mind,mind,v.介意；讨厌；反对
minus,minus,adj.负的；零下的
miss,miss,v.未击中；未达到
mistake,mistake,n.错误；过错
month,month,n.月；月份
mountain,mountain,n.山；山岳
must,must,v.aux.必须；应该
name,name,v.给……取名；给……命名
natural,natural,adj.合理的；合乎常情的
nature,nature,n.大自然；自然界
neck,neck,n.颈；脖子
neither,neither,adv.（某人或某事物）也不
noise,noise,n.噪声；杂音
north,north,n.北；北方
north,north,adj.在北方的；朝北的
northwest,northwest,n.西北
northwest,northwest,adj.西北的；朝西北的
notebook,notebook,n.笔记本
notes,notes,n.(pl.)笔记；随笔
notice,notice,n.布告；告示
novel,novel,n.（长篇）小说
offer,offer,v.提议；提出
Olympics,Olympics,n.奥林匹克运动会
onto,onto,prep.到……之上；向……之上
outside,outside,n.外面；外部
outside,outside,prep.在……之外
outside,outside,adv.在外面；朝户外
outside,outside,adj.外部的；外表的
pain,pain,n.痛；疼痛
pair,pair,n.(相关的）两个人，一对
pale,pale,adj.（肤色）苍白的
park,park,v.停放（车）；泊（车）
pass,pass,v.传递；传送
peace,peace,n.和平；太平
pink,pink,adj.粉红色的
pink,pink,n.粉红色
pity,pity,n.可惜；遗憾
place,place,v.放置
pleased,pleased,adj.开心的；满足的
plenty,plenty,pron.大量；众多
pocket,pocket,n.衣袋；口袋
pollution,pollution,n.污染
population,population,n.（某一地区的）人口，全体居民
possible,possible,adj.可能的
power,power,n.电；电力
practice,practice,n.练习
practise,practise,v.练习
prepare,prepare,v.准备；预备
pretty,pretty,adv.（口语）相当地；非常；很
probably,probably,adv.或许；可能
problem,problem,n.麻烦；问题
produce,produce,v.生育；繁殖
pronounce,pronounce,v.发……的音
pronunciation,pronunciation,n.发音
protect,protect,v.保护；保卫
public,public,n.公共的；公众的
pupil,pupil,n.学生；（尤指）小学生
quickly,quickly,adv.快地；迅速地
quiet,quiet,adj.寂静的；安静的
rabbit,rabbit,n.兔；家兔
radio,radio,n.电台；广播
rainy,rainy,adj.多雨的；下雨的
raise,raise,v.筹集（钱款）；抚养；养育
relaxing,relaxing,adj.令人愉悦的；使人放松的
report,report,n.报告；汇报
research,research,n.研究；探讨
risk,risk,n.危险；风险
road,road,n.路；（尤指）公路
round,round,prep.转到（某物的）另一边
round,round,adv.围绕地
rubbish,rubbish,n.垃圾；废弃物
sandwich,sandwich,n.三明治；夹心面包片
scientist,scientist,n.科学家
score,score,v.（体育比赛中）得（分）
sentence,sentence,n.句子
serious,serious,adj.认真严肃的；不开玩笑的
service,service,n.公共服务；服务
set,set,n.（同类事物的）（一）套；（一）副；（一）组
set,set,v.设置；设定
should,should,v.aux.应该
shoulder,shoulder,n.肩；肩膀
show,show,n.演出；表演
show,show,v.展示；显示
shower,shower,n.阵雨
shy,shy,adj.羞怯的；腼腆的
side,side,n.（物体或形状的）侧面
situation,situation,n.形势；情况
skate,skate,v.滑冰
snake,snake,n.蛇
snow,snow,n.雪
snow,snow,v.下雪
snowy,snowy,adj.多雪的；下雪的
society,society,n.社会
solve,solve,v.解决问题
someone,someone,pron.某人；有人
south,south,n.南；南方
south,south,adj.在南方的；朝南的
southeast,southeast,n.东南
southeast,southeast,adj.东南的；朝东南的
southwest,southwest,n.西南
southwest,southwest,adj.西南的；朝西南的
spelling,spelling,n.拼写
ssh,ssh,int.嘘（示意某人不要说话）
stadium,stadium,n.体育场
stairs,stairs,n.(pl.)楼梯
stay,stay,n.逗留；停留
storm,storm,n.暴风雨
suddenly,suddenly,adv.突然地；出乎意料地
suggest,suggest,v.建议；提议
sunny,sunny,adj.晴朗的
surprise,surprise,n.惊奇；意外之事
surprise,surprise,v.使（某人）吃惊
symbol,symbol,n.象征；标志
taste,taste,v.有……的味道
taste,taste,n.味道；滋味
teahouse,teahouse,n.（尤指亚洲的）茶馆
temperature,temperature,n.温度
terrible,terrible,adj.使人烦恼的；可怕的
than,than,prep.比
thick,thick,adj.厚的
thin,thin,adj.薄的；细长的
throw (threw),throw (threw),v.扔；掷
time,time,n.次；回
toy,toy,n.玩具
tradition,tradition,n.传统习俗
train,train,v.（体育）训练；操练
training,training,n.训练；培训
trouble,trouble,n.问题；烦恼；困难
twentieth,twentieth,num.第二十
twice,twice,adv.两次；两倍
umbrella,umbrella,n.雨伞
under,under,prep.在……正下方；在……下面
understand (understood),understand (understood),v.理解；明白
university,university,n.大学
usual,usual,adj.通常的；平常的
video,video,adj.（电子）视频的
vocabulary,vocabulary,n.词汇；词汇量
volleyball,volleyball,n.排球
warm,warm,v.使暖和；使温暖
warn,warn,v.警告；告诫
west,west,n.西；西方
west,west,adj.在西方的；朝西的
wet,wet,adj.下雨的；湿的
while,while,conj.当……的时候
wide,wide,adj.宽的；宽阔的
wild,wild,n.野生环境
wild,wild,adj.野生的
window,window,n.窗；窗户
windy,windy,adj.多风的；刮大风的
wish,wish,v.但愿；希望
word,word,n.词；单词；字
worse,worse,adj.更糟的；更坏的
worse,worse,adv.更糟；更严重
wrong,wrong,adj.有毛病的；错误的
wrong,wrong,adv.不正确地；错误地
about,about,adv.向四周；向各处
ache,ache,n.痛；疼痛
active,active,adj.积极的；活跃的
activity,activity,n.活动
afford,afford,v.（有财力）买得起，付得起
ancient,ancient,adj.古老的；古代的
Arabic,Arabic,n.阿拉伯语
around,around,adv.到处；向各处
article,article,n.文章；报道
artist,artist,n.艺术家；画家
as,as,prep.作为；当
as,as,conj.当……时
astronaut,astronaut,n.宇航员
avoid,avoid,v.避免；防止
awful,awful,极讨厌的；极坏的
background,background,n.背景；后景
black-and-white,black-and-white,adj.黑白的
bright,bright,adj.欢快的；明亮的
cartoon,cartoon,n.漫画；动画片
certain,certain,adj.确定的；无疑的
circle,circle,n.（熟悉的、相关的人形成的）圈子
clever,clever,adj.聪明的；机灵的
coin,coin,n.硬币
cold,cold,n.感冒；伤风
communicate,communicate,v.联系；交流
competition,competition,n.比；竞争
condition,condition,n.状况；身体状况
cookie,cookie,n.小甜饼；曲奇饼
cool,cool,adj.时髦的；酷的
copy,copy,n.（一）本；（一）份
cough,cough,n.咳嗽
cough,cough,v.咳嗽
count,count,v.数；清点
crazy,crazy,adj.发疯的；荒唐的
create,create,v.创造
culture,culture,n.文化
daily,daily,adj.每天的；天天的
depend,depend,v.视……而定；决定（于）
director,director,n.导演；主管；经理
discover,discover,v.发现；找到
dollar,dollar,n.（美国、加拿大、澳大利亚等国的货币单位）元
done,done,adj.做完的
dream,dream,n.梦；梦想；[只用于名词前]梦寐以求的
"dream
(dreamed,dreamed;dreamt,dreamt)","dream
(dreamed,dreamed;dreamt,dreamt)",v.做梦；梦到；梦想
ear,ear,n.耳朵
earth,earth,n.地球
encourage,encourage,v.鼓励；激励
enter,enter,v.（使）参加；（使)报名
environment,environment,n.环境
ever,ever,adv.曾经；从来；在任何时候
exercise,exercise,v.运动；锻炼
expect,expect,v.期盼；等待
explain,explain,v.解释；说明
fair,fair,adj.（头发）金色的，浅褐色的
fan,fan,n.扇子
favourite,favourite,n.最喜欢的人或事
fever,fever,n.发烧；发热
"fight (fought,fought)","fight (fought,fought)",v.与……战斗
fight,fight,n.战斗；斗争
fill,fill,v.填满；填充
for,for,prep.用于；（表示持续的时间)达，计
form,form,v.形成
form,form,n.表格
France,France,法国
freshwater,freshwater,adj.淡水的
friendship,friendship,n.友谊；友好
galaxy,galaxy,n.星系
Germany,Germany,德国
glasses,glasses,n.[用复数]眼镜
glue,glue,n.胶水
group,group,n.群；组
guest,guest,n.客人；宾客
handsome,handsome,adj.漂亮的；英俊的
hardly,hardly,adv.几乎不；几乎没
headache,headache,n.头痛
health,health,n.健康（状况）
heart,heart,n.心；心脏
heaven,heaven,n.天国；天堂
helpline,helpline,n.服务热线
hero,hero,n.英雄；男主角
herself,herself,pron.她自己
hobby,hobby,n.业余爱好
homestay,homestay,n.家庭寄宿
human,human,n.人
humorous,humorous,adj.幽默的；滑稽的
ill,ill,adj.不健康的；有病的
illness,illness,n.病；疾病
impossible,impossible,adj.（事情）办不到的，不可能的
in,in,prep.参加；加入，在……期间，用，按照，以（某方式或风格）
include,include,v.包括；把……列为一部分
interest,interest,n.兴趣；爱好
international,international,adj.国际的；世界的
interview,interview,n.采访；访谈
interview,interview,v.采访；访问
introduce,introduce,v.介绍；引见
invent,invent,v.发明；创造
invite,invite,v.邀请
jam,jam,n.果酱
jeans,jeans,n.[用复数]牛仔裤
just,just,adv.只是；仅仅
just,just,adv.刚才；刚刚
kilometre,kilometre,n.千米；公里
king,king,n.国王；君王
last,last,v.持续；延续
latest,latest,adj.最近的；最新的
laugh,laugh,v.笑；发笑
"lead (led,led)","lead (led,led)",v.领导；率领
lesson,lesson,n.经验；教训
light,light,n.光；光线；光亮
list,list,n.名单；清单
listener,listener,n.听众；听者
lonely,lonely,adj.孤独的；寂寞的
love,love,n.（用于结尾）爱你的……
lovely,lovely,adj.令人愉快的；可爱的
mark,mark,n.分数
member,member,n.成员；会员
mention,mention,v.提及；谈到
mess,mess,n.脏乱；凌乱
message,message,n.电子邮件；口信；信息
miss,miss,v.惦念；怀念；想念
mix,mix,v.相混合；融合
mm,mm,int.呣（用于表示食物味道好）
model,model,n.模型
moon,moon,n.月亮；月球
move,move,v.搬家；改变……的位置
must,must,v.aux.一定；肯定（用于表示某事可能是真实的）
national,national,adj.国家的；国内的
nervous,nervous,adj.情绪不安的；紧张的
news,news,n.新闻；消息
none,none,pron.没有一人；没有一个；一点儿也没有
note,note,n.纸币
on,on,prep.在（播放）中；关于
orange-and-white,orange-and-white,adj.橙白相间的
out,out,adv.在远方
own,own,adj.自己的
part-time,part-time,adj.兼职的
pass,pass,v.经过；通过
passport,passport,n.护照
path,path,n.小路；路径
patient,patient,adj.有耐心的；能忍耐的
perhaps,perhaps,adv.可能；也许
person,person,n.人（通常指成年人）
pet,pet,n.宠物；宠畜
pie,pie,n.馅饼；派
pizza,pizza,n.比萨饼
planet,planet,n.行星
pleasure,pleasure,n.愉悦；快乐
pound,pound,n.英镑
prefer,prefer,v.更喜欢；钟爱
presenter,presenter,n.主持人
pretty,pretty,adj.秀丽的；标致的
private,private,adj.私人的；个人的
prize,prize,n.奖品；奖项
progress,progress,n.进步；进展
progress,progress,v.（继续）发展，推进
project,project,n.计划；工程；项目
proud,proud,adj.感到自豪的；感到骄傲的
provide,provide,v.提供；供应
pull,pull,v.（用手）拉，牵，扯
purpose,purpose,n.意图；目的
queen,queen,n.女王；王后
reach,reach,v.到达；抵达
refuse,refuse,v.拒绝
regret,regret,v.懊悔；遗憾
result,result,n.结果；后果
sailing,sailing,n.航海；航行
salt,salt,n.盐；食盐
satisfy,satisfy,v.满足；使满意
schoolbag,schoolbag,n.书包
seem,seem,v.看来；似乎
"send (sent,sent)","send (sent,sent)",v.派遣去；命令……去
separate,separate,v.使分开；分隔
separate,separate,adj.分开的；单独的
shape,shape,n.外形；形状
shelf,shelf,n.隔板；架子
shorts,shorts,n.［用复数］短裤
show,show,v.引领；带领
sights,sights,n.［用复数］风景；名胜
silence,silence,n.寂静；无声
since,since,prep.自……以来
since,since,conj.自……以来
skill,skill,n.技能；技艺
sky,sky,n.天；天空
sleepy,sleepy,adj.困的；想睡的
smart,smart,adj.聪明的；机灵的
"smell (smelled,smelled;smelt,smelt)","smell (smelled,smelled;smelt,smelt)",v.有……的气味；闻；闻出
smell,smell,n.气味
soft,soft,adj.软的；柔软的
solar,solar,adj.太阳的；与太阳有关的
somebody,somebody,pron.某人；有人
sound,sound,v.听起来；令人觉得
sour,sour,adj.酸的；馊的
spaceship,spaceship,n.航天器；宇宙飞船
square,square,adj.（表示面积单位）平方的
stamp,stamp,n.邮票
"stick (stuck,stuck)","stick (stuck,stuck)",v.粘；粘贴
stomach,stomach,n.腹部；肚子
stranger,stranger,n.陌生人
studio,studio,n.录制室；录音室
success,success,n.成功；成就
suggestion,suggestion,n.提议；建议
sunglasses,sunglasses,n.［用复数］太阳镜；墨镜
system,system,n.系统；体系
"take (took,taken)","take (took,taken)",v.(用机器)测定，量取，拍摄，(尤指有规律地)吃，喝
test,test,n.测验；考试
test,test,v.测验；考查
that,that,pron.那，那个（指代已被提及的事物）
then,then,adv.当时；那时
thirsty,thirsty,adj.渴的
this,this,pron.这，这个（指刚提到的或显而易见的人、物或事实等）
toothache,toothache,n.牙痛
total,total,adj.总的；全部的
tower,tower,n.塔
treasure,treasure,n.珍宝；珍贵之物
treat,treat,v.对待；看待
trousers,trousers,n.［用复数］裤子
trust,trust,v.信任；信赖
trust,trust,n.信任；信赖
try,try,n.尝试；努力
ugly,ugly,adj.难看的；丑陋的
universe,universe,n.宇宙
valuable,valuable,adj.值钱的；有价值的
value,value,n.价值；有用性
"wake (woke,woken)","wake (woke,woken)",v.唤醒；醒来
waste,waste,v.浪费；滥用
waste,waste,n.浪费；滥用
way,way,n.方面；态度
weak,weak,adj.弱的；虚弱的
weigh,weigh,v.重量有……；重……
weight,weight,n.重量
well,well,adj.健康的
whether,whether,conj.是否
with,with,prep.用……
yet,yet,adv.还，尚（用于表示某事在某一时间尚未发生，但未来也许会发生）
ability,ability,n.能力
abroad,abroad,adv.在国外；到国外
action,action,n.举止；行为；情节
actually,actually,adv.事实上
add,add,v.添加
address,address,n.地址
adventure,adventure,n.冒险（经历）
alive,alive,adj.活着的
amazing,amazing,adj.惊人的；极好的
among,among,prep.在……之中
amount,amount,n.量；数量
angry,angry,adj.愤怒的；生气的
ant,ant,n.蚂蚁
anybody,anybody,pron.任何人
apologise,apologise,v.认错；道歉
Asian,Asian,adj.亚洲的；亚洲人的
attend,attend,v.上（学）；出席，参加（事件或活动）
band,band,n.乐队
below,below,prep.在下面；在……以下
beside,beside,prep.在……旁边；在……附近
"bet (bet, bet)","bet (bet, bet)",v.打赌；下赌注
bill,bill,n.账单；账款
blouse,blouse,n.女衬衫
borrow,borrow,v.借入；借来
bottle,bottle,n.瓶
break,break,v.打破（记录）；打碎
brush,brush,v.（用刷子）刷
"burn (burned,burned;burnt,burnt)","burn (burned,burned;burnt,burnt)",v.（使）烤焦，（使）烤糊
business,business,n.工作
by,by,prep.在……旁边；靠近
Canada,Canada,加拿大
Canadian,Canadian,adj.加拿大的；加拿大人的
canyon,canyon,n.峡谷
care,care,n.照顾；照料
cave,cave,n.洞穴
central,central,adj.中心的；在中间的
chemistry,chemistry,n.化学
china,china,n.瓷；瓷器
clear,clear,v.（烟雾等）开始消失
clock,clock,n.钟；时钟
cloth,cloth,n.布；布料
coal,coal,n.煤
communications,communications,n.[复数]通信
community,community,n.社区；社会
congratulations,congratulations,n.[复数]祝贺
connection,connection,n.电话连接；计算机网络连接
consider,consider,v.考虑；斟酌
continue,continue,v.（使）继续
control,control,v.操作；操纵
corn,corn,n.谷物；玉米
couple,couple,n.一对；两个
courage,courage,n.勇气；胆量
crop,crop,n.庄稼；作物
cup,cup,n.杯子；一杯饮料
dead,dead,adj.死的；去世的
deal,deal,n.协议
decision,decision,n.决定
degree,degree,n.课程；学位
development,development,n.发展；进步
dialogue,dialogue,n.对话
diary,diary,n.日记；日记簿
difficulty,difficulty,n.困难；困境
"dig (dug,dug)","dig (dug,dug)",v.挖掘；掘（洞）
direction,direction,n.方向
discuss,discuss,v.讨论；谈论
discussion,discussion,n.讨论；商讨
dish,dish,n.盘；碟
divide,divide,v.分开
doctor,doctor,n.博士
downstairs,downstairs,adj.位于楼下的
downstairs,downstairs,adv.往楼下；在楼下
dying,dying,adj.垂死的；即将死亡的
eastern,eastern,adj.在东边的；来自东边的
eighth,eighth,num.第八
electricity,electricity,n.电
electronic,electronic,adj.电子的
empty,empty,adj.空的
enemy,enemy,n.敌人；仇人
energy,energy,n.能量；能源
entry,entry,n.进入权；进入许可
escape,escape,v.逃离；逃脱
everyday,everyday,adj.日常的；普通的
exam,exam,n.考试
excuse,excuse,n.（辩解的）理由；借口
exhibition,exhibition,n.展览；展览会
experiment,experiment,n.实验
factory,factory,n.制造厂；工厂
fail,fail,v.未能及格；未能达到
fair,fair,adj.公平的；合理的
feeling,feeling,n.感觉；直觉看法
fix,fix,v.修补；挽救
flag,flag,n.旗；旗帜
fly,fly,n.苍蝇
following,following,adj.接着的；接下来的
form,form,n.种类；类型；形态；存在形式
found,found,v.创立；创建
fourth,fourth,num.第四
full,full,adj.满的；充满的
funeral,funeral,n.葬礼
general,general,adj.整体的；普遍的
granddaughter,granddaughter,n.（外）孙女
grandson,grandson,n.（外）孙子
grape,grape,n.葡萄
grey,grey,adj.灰色的；（天气）阴沉的
grow,grow,v.种植，栽培（植物）
guitar,guitar,n.吉他
habit,habit,n.习惯
ham,ham,n.火腿
hat,hat,n.帽子
hate,hate,v.憎恨；讨厌
headmaster,headmaster,n.男校长
height,height,n.高度；身高
himself,himself,pron.他自己
honest,honest,adj.诚实的；老实的
hopeless,hopeless,adj.无望的
hurdles,hurdles,n.跨栏跑
hurdling,hurdling,n.跨栏跑
including,including,prep.包含；包括
influence,influence,v.影响；作用于
instead,instead,adv.代替；而不是
instructions,instructions,n.[复数]说明书
instrument,instrument,n.乐器；仪器
introduction,introduction,n.引进；采用；推行
invention,invention,n.发明；发明物
Japan,Japan,日本
kangaroo,kangaroo,n.袋鼠
"keep (kept, kept)","keep (kept, kept)",v.使保持（某种状态）；记录；存储（信息）
kick,kick,v.踢
kid,kid,n.小孩
kill,kill,v.杀死；弄死
knowledge,knowledge,n.知识；学识
"lay (laid,laid)","lay (laid,laid)",v.摆放（餐桌）
lazy,lazy,adj.懒惰的；懒散的
least,least,pron.最少；最小
"lend (lent, lent)","lend (lent, lent)",v.（把某物）借出，借给（某人）
less,less,adj.较小的；较少的
less,less,n.较少数；较少量
lock,lock,v.锁；锁住
loud,loud,adj.（声音）响亮的
mad,mad,adj.生气的；恼火的
magical,magical,adj.神奇的；迷人的
mail,mail,n.邮件；信件
mainly,mainly,adv.大部分地；主要地
manage,manage,v.做成；（尤指）设法完成
manage,manage,v.管理，支配
man-made,man-made,adj.人造的
medal,medal,n.奖牌；奖章
meeting,meeting,n.会议；集会
memory,memory,n.记忆；回忆
memory,memory,n.存储器；存储量
menu,menu,n.菜单
method,method,n.方法；办法
midnight,midnight,n.午夜；子夜
miss,miss,v.未出席；未出现
missing,missing,adj.找不到的；失踪的
musical,musical,adj.音乐的
natural,natural,adj.大自然的
nearly,nearly,adv.几乎；差不多
necessary,necessary,adj.必要的；必需的
neighbour,neighbour,n.邻居
ninth,ninth,num.第九
noon,noon,n.中午；正午
northeast,northeast,adj.在东北的
off,off,adv.不上课；休息；不工作
oil,oil,n.石油
operation,operation,n.手术
opinion,opinion,n.看法；主张
order,order,n.命令；指示
ourselves,ourselves,pron.我们自己
over,over,adj.完了的；结束的
page,page,n.页；一页（纸）
parade,parade,n.（庆祝）游行
passenger,passenger,n.乘客；旅客
period,period,n.阶段；时期
physics,physics,n.物理学
pioneer,pioneer,n.开拓者；先驱者
plastic,plastic,n.塑料
plastic,plastic,adj.塑料的
platform,platform,n.（供上下火车用的）月台；站台
point,point,n.比分
point,point,n.（试图表达的）观点，看法
policy,policy,n.政策；方针
pollute,pollute,v.污染
powerful,powerful,adj.有影响力的；能控制他人的
present,present,v.授予；呈递
pride,pride,n.自豪感；骄傲
printing,printing,n.印刷
properly,properly,adv.合适地；正确地
punish,punish,v.惩罚；惩处
race,race,n.跑；比
rapid,rapid,adj.快速的；迅速的
realise,realise,v.了解；意识到
reason,reason,n.原因；理由
recently,recently,adv.最近；近来
record,record,n.最佳记录
record,record,v.记录
recycle,recycle,v.回收利用，再使用（废品）
recycling,recycling,n.回收利用
reduce,reduce,v.减少；减低；缩小
relationship,relationship,n.关系
relative,relative,n.亲戚
remain,remain,v.逗留；留下
repair,repair,n.修理；修补
repair,repair,v.修理；修补
repeat,repeat,v.重说；重新做
replace,replace,v.替换；取代
reply,reply,v.回答；答复
rest,rest,v.休息；睡眠
result,result,v.（因……而）产生；发生
reuse,reuse,v.再次使用；重复利用
review,review,n.评论（文章）
ride,ride,n.骑马；乘车
riding,riding,n.骑马（运动）
"ring (rang, rung)","ring (rang, rung)",v.鸣响；发出铃声
rope,rope,n.粗绳；绳索
rubber,rubber,n.橡胶
rule,rule,n.规则；法则
rush,rush,v.冲；奔
salad,salad,n.色拉
sand,sand,n.沙；沙子
schoolwork,schoolwork,n.学生课业；功课
scissors,scissors,n.[复数]剪刀
season,season,n.度假旺季；节期
seat,seat,n.座椅；座位
sense,sense,n.道理；意义；合理性
seventh,seventh,num.第七
shame,shame,n.可惜；遗憾
sheep,sheep,n.羊；绵羊
"shine (shone,shone;shined,shined)","shine (shone,shone;shined,shined)",v.照耀
"shut (shut,shut)","shut (shut,shut)",v.关上；合上
sick,sick,adj.（感觉）不适的，生病的
sign,sign,n.迹象；标志；招牌
silent,silent,adj.寂静的
silver,silver,adj.银灰色的；银制的
simple,simple,adj.简单的；容易的
simply,simply,adv.实在；的确
singer,singer,n.歌手；歌唱家
single,single,adj.仅一个的；单个的
sixth,sixth,num.第六
skirt,skirt,n.裙子
sky,sky,n.天；天空
snack,snack,n.点心；小吃
sofa,sofa,n.（长）沙发
soldier,soldier,n.军人；士兵
southern,southern,adj.南方的
speech,speech,n.演说；讲演
spirit,spirit,n.精灵；神灵；精神
sportsman,sportsman,n.（尤其职业的）运动员
sportsperson,sportsperson,n.运动员
sportswoman,sportswoman,n.（尤其职业的）女运动员
"spread (spread, spread)","spread (spread, spread)",v.扩展；蔓延；传播
standard,standard,n.标准；水准
state,state,n.州；邦
step,step,n.步骤；措施
store,store,v.存储；储藏
stream,stream,n.小河；小溪
subject,subject,n.主题
suffer,suffer,v.患有（疾病等）；经受
suppose,suppose,v.猜想；推测；相信；认为
surf,surf,v.冲浪
surprised,surprised,adj.惊奇的；惊讶的
tail,tail,n.尾；尾巴
task,task,n.任务；工作
technology,technology,n.科技；技术
tenth,tenth,num.第十
text,text,n.文本；正文
textbook,textbook,n.科教书；课本
thinker,thinker,n.思想家
though,though,conj.虽然；但是
ton,ton,n.吨
tonight,tonight,adv.（在）今晚；（在）今夜
tool,tool,n.工具；器械
trade,trade,n.买卖；交易
treat,treat,v.医治；治疗
truck,truck,n.卡车；货车
truth,truth,n.事实；真相
twelfth,twelfth,num.第十二
twentieth,twentieth,num.第二十
UK,UK,英国
unable,unable,adj.不能做某事的
unhappy,unhappy,adj.不高兴的
until,until,prep.直到……为止
until,until,conj.直到……为止
upstairs,upstairs,adj.位于楼上的
upstairs,upstairs,adv.往楼上；在楼上
useful,useful,adj.有用的；有益的
vacation,vacation,n.假期；假日
varied,varied,adj.各种各样的；各不相同的
victory,victory,n.成功；胜利
volunteer,volunteer,n.志愿者
war,war,n.战争
waste,waste,v.废料；废弃物
website,website,n.网站
well-known,well-known,adj.众所周知的；著名的
whatever,whatever,pron.无论什么；不管什么
wheel,wheel,n.轮子；车轮
whole,whole,adj.全部的；整个的
will,will,n.意志；决心
winner,winner,n.获胜者
wise,wise,adj.有判断力的；明智的
wonder,wonder,n.奇观；奇迹
wool,wool,n.羊毛
wound,wound,n.伤；伤口
wounded,wounded,adj.受伤的
wow,wow,int.呀；哇（用于表示惊讶或赞叹）
X-ray,X-ray,n.X射线；X光
absent,absent,adj.缺席的；不在的
achieve,achieve,v.成功；实现
agreement,agreement,n.协议；协定
balloon,balloon,n.气球
beat,beat,n.节拍；拍子
bedside,bedside,n.床边；床头
bell,bell,n.钟；铃
blind,blind,adj.失明的；瞎的
blood,blood,n.血；血液
boss,boss,n.老板；上司
calendar,calendar,n.日历；历书
candle,candle,n.蜡烛
cheeseburger,cheeseburger,n.干汉堡包
cold,cold,n.寒冷；冷空气
cross,cross,adj.生气的
deaf,deaf,adj.聋的
direct,direct,adv.径直地；直接地
disappointed,disappointed,adj.失望的；沮丧的
double,double,v.使加倍；把……增加一倍
double,double,adj.（成）双的；两个……
edge,edge,n.边；边缘
education,education,n.（个人的）教育；学业
effort,effort,n.力气；精力
electric,electric,adj.用电的；电动的
exactly,exactly,adv.确切地；完全；［口］（表示赞同）确实如此
expect,expect,v.预料；预计
fairly,fairly,adv.相当；还算
fall,fall,v.变成，进入（某种状态）
fear,fear,n.担心；害怕
fetch,fetch,v.（去）取来；拿来
flight,flight,n.航班；飞行
fork,fork,n.餐叉
full-time,full-time,adj.专职的；全日制的
gentleman,gentleman,n.先生；男士
go,go,n.尝试；努力
gun,gun,n.枪
handbag,handbag,n.（女用）小提包
"hang (hung,hung)","hang (hung,hung)",v.悬挂；吊
harm,harm,v.损害；伤害
heat,heat,n.高温；热度
heat,heat,v.使变热;给……加热
including,including,prep.包括；包含
Indian,Indian,n.印度人
Indian,Indian,adj.印度的；印度文化的
industry,industry,n.工业；制造业
intend,intend,v.计划；打算
invitation,invitation,n.邀请；请柬
Italian,Italian,n.意大利语；意大利人
Italian,Italian,adj.意大利的；意大利人的；意大利语的
jacket,jacket,n.短上衣；夹克
kindness,kindness,n.善举；好意
knife (pl. knives),knife (pl. knives),n.餐刀；刀具
lady,lady,n.夫人；女士；小姐
light,light,n.电灯
note,note,n.短笺；便条
officer,officer,n.军官；官员；警察
ouch,ouch,int.哎呦（用于表示突然的疼痛）
ours,ours,pron.我们的
paint,paint,v.绘画
pancake,pancake,n.薄烤饼；薄煎饼
pardon,pardon,int.［口］对不起，请原谅（礼貌地请求别人重复自己没听清或不理解的话）
pass,pass,v.及格；通过（考试或检查）
physical,physical,adj.身体的；体力的
pilot,pilot,n.飞行员
pool,pool,n.水池；游泳池
postman,postman,n.邮递员
proper,proper,adj.合适的；恰当的
quarter,quarter,n.四分之一
require,require,v.需要
rock,rock,n.岩；岩石
role,role,n.作用；职责；角色
rose,rose,n.玫瑰；蔷薇
row,row,n.一排；一行；一列
school-leaver,school-leaver,n.（英）毕业生
secondary,secondary,adj.（教育）中等的；次要的；间接的
secretary,secretary,n.秘书
seldom,seldom,adv.很少地；不常
serve,serve,v.端上（食物和饮料）；服侍……进餐
similar,similar,adj.相似的
sir,sir,n.先生；长官
smooth,smooth,adj.无困难的；顺利的；光滑的；平坦的
sock,sock,n.短袜
soft,soft,adj.软的；柔软的
spare,spare,adj.空余的；备用的
speaker,speaker,n.说某种语言的人
spoon,spoon,n.勺子；匙
starve,starve,v.挨饿；饿死
still,still,adj.静止的；不动的
stone,stone,n.石头
straight,straight,adj.直的；笔直的
stupid,stupid,adj.笨的；糊涂的
succeed,succeed,v.成功；做成
sudden,sudden,adj.突然的；急剧的
tent,tent,n.帐篷
tie,tie,n.领带
tiny,tiny,adj.微小的；极小的
transport,transport,n.运输业；交通
type,type,n.种；类；类型
wealth,wealth,n.财富；财产
wealthy,wealthy,adj.富有的；富裕的
West,West,n.西方（尤指西欧和北美）
Westerner,Westerner,n.西方人
whenever,whenever,conj.每当；无论什么时候
whom,whom,pron.……的人；那个人；那些人（用于提供关于正在谈论的某人的信息或补充信息）
wing,wing,n.翅膀；翼
wood,wood,n.（小）树林；林地
yourself (pl. yourselves),yourself (pl. yourselves),pron.你自己
zero,zero,n.（数字）零
